ID,Name,Sale price,Regular price,Categories,Tags,Shipping class,Images,Download limit,Download expiry days,Parent,Grouped products,Upsells,Cross-sells,External URL,Button text,Position
207,Bananas Per Kg,2.00855,2.89,Fruits > Avocados &amp; Bananas,,,http://localhost/vege-star/wp-content/uploads/2021/05/bananas-cavendish-5-per-bunch-fruit_x700.jpg,,,,,,,,,0
208,Limes Per Kg,3.44025,4.95,Fruits > Citrus,,,http://localhost/vege-star/wp-content/uploads/2021/05/lime.jpg,,,,,,,,,0
209,Broccoli - Each,1.39,2,Vegetables > Greens &amp; Others,,,http://localhost/vege-star/wp-content/uploads/2021/05/brocolli.jpg,,,,,,,,,0
210,NZ Orange Valencia  Per kg,2.05025,2.95,Fruits > Citrus,,,http://localhost/vege-star/wp-content/uploads/2021/05/usa-orange.jpg,,,,,,,,,0
211,Passionfruit Per Kg,20.81525,29.95,Fruits > Stonefruit &amp; Tropical,,,http://localhost/vege-star/wp-content/uploads/2021/05/Passionfruit-Hero.jpg,,,,,,,,,0
212,Aussie Lychee Per Kg,27.76525,39.95,Fruits > Stonefruit &amp; Tropical,,,http://localhost/vege-star/wp-content/uploads/2021/05/lychee.jpg,,,,,,,,,0
213,Cherries - NZ - Per Kg,12.47525,17.95,"Fruits > Grapes &amp; Berries, Fruits > Stonefruit &amp; Tropical",,,http://localhost/vege-star/wp-content/uploads/2021/05/Cherry-220x154-1.jpg,,,,,,,,,0
214,Avocados - Hass,1.39,2,Fruits > Avocados &amp; Bananas,,,http://localhost/vege-star/wp-content/uploads/2021/05/avocado.jpg,,,,,,,,,0
215,Pineapple - Tropical Gold - Each,2.4325,3.5,Fruits > Melons &amp; Pineapples,,,http://localhost/vege-star/wp-content/uploads/2021/05/pineapple.png,,,,,,,,,0
216,Pomegranate - Each,3.475,5,Fruits > Stonefruit &amp; Tropical,,,http://localhost/vege-star/wp-content/uploads/2021/05/pomegranate-1.jpg,,,,,,,,,0
217,Nectarines - Yellow Flesh - Per Kg,4.13525,5.95,Fruits > Stonefruit &amp; Tropical,,,http://localhost/vege-star/wp-content/uploads/2021/05/nectarine-yellow.png,,,,,,,,,0
218,Nectarines - White Flesh - Per Kg,4.13525,5.95,Fruits > Stonefruit &amp; Tropical,,,http://localhost/vege-star/wp-content/uploads/2021/05/White-Flesh-Nectarine.jpg,,,,,,,,,0
219,Nz Peaches - Yellow Flesh - Per Kg,4.13525,5.95,Fruits > Stonefruit &amp; Tropical,,,http://localhost/vege-star/wp-content/uploads/2021/05/yellow-flesh-peach-220x154-1.jpeg,,,,,,,,,0
220,Peacharine - Per Kg,4.13525,5.95,Fruits > Stonefruit &amp; Tropical,,,http://localhost/vege-star/wp-content/uploads/2021/05/golden-peach.jpg,,,,,,,,,0
221,Peaches -Golden Queen - Per Kg,4.13525,5.95,Fruits > Stonefruit &amp; Tropical,,,http://localhost/vege-star/wp-content/uploads/2021/05/golden-peach.jpg,,,,,,,,,0
222,NZ Royal Gala Apple Per Kg New season,1.39,2,Fruits > Apples &amp; Pears,,,http://localhost/vege-star/wp-content/uploads/2021/05/royal-gala.jpg,,,,,,,,,0
223,Apples - Royal Gala - Per Kg,3.44025,4.95,Fruits > Apples &amp; Pears,,,http://localhost/vege-star/wp-content/uploads/2021/05/royal-gala.jpg,,,,,,,,,0
224,Apples - Granny Smith  - Per Kg,0.695,1,Fruits > Apples &amp; Pears,,,http://localhost/vege-star/wp-content/uploads/2021/05/granny-smith.jpg,,,,,,,,,0
225,Apples - Ambrosia - Per Kg,3.44025,4.95,Fruits > Apples &amp; Pears,,,http://localhost/vege-star/wp-content/uploads/2021/05/ambrosia.jpg,,,,,,,,,0
226,Apples - Braeburn - Per Kg,2.05025,2.95,Fruits > Apples &amp; Pears,,,http://localhost/vege-star/wp-content/uploads/2021/05/braeburn_variety-page.png,,,,,,,,,0
227,Apples - Queen - Per Kg,0.695,1,Fruits > Apples &amp; Pears,,,http://localhost/vege-star/wp-content/uploads/2021/05/QUEEN-APPLE.jpg,,,,,,,,,0
228,Apples - Beauty - Per Kg,2.07805,2.99,Fruits > Apples &amp; Pears,,,http://localhost/vege-star/wp-content/uploads/2021/05/nzbeauty.jpg,,,,,,,,,0
229,Apples - Sweet Tango - Per Kg,3.44025,4.95,Fruits > Apples &amp; Pears,,,http://localhost/vege-star/wp-content/uploads/2021/05/sweet-tango.jpg,,,,,,,,,0
230,Apples - Rose - Per Kg,0.695,1,Fruits > Apples &amp; Pears,,,http://localhost/vege-star/wp-content/uploads/2021/05/pacific-rose-apple-lg.jpg,,,,,,,,,0
231,Mango Aussie - Each,3.475,5,Fruits > Stonefruit &amp; Tropical,,,http://localhost/vege-star/wp-content/uploads/2021/05/mango-r2e2.jpg,,,,,,,,,0
232,Mango Mexican- Each,1.38305,1.99,Fruits > Stonefruit &amp; Tropical,,,http://localhost/vege-star/wp-content/uploads/2021/05/mexican-mango.jpg,,,,,,,,,0
233,NZ Rockmelon -Each,3.475,5,Fruits > Melons &amp; Pineapples,,,http://localhost/vege-star/wp-content/uploads/2021/05/nz-rockmelon.jpg,,,,,,,,,0
234,Half Rockmelon -Each,2.085,3,Fruits > Melons &amp; Pineapples,,,http://localhost/vege-star/wp-content/uploads/2021/05/rsz_4-australia_rockmelon.jpg,,,,,,,,,0
235,Tangelos Per Kg,2.085,3,Fruits > Citrus,,,"http://localhost/vege-star/wp-content/uploads/2021/05/TANGELO.png, http://localhost/vege-star/wp-content/uploads/2021/05/tangelo.jpg",,,,,,,,,0
236,Dates USA Per Kg,20.14805,28.99,Fruits > Stonefruit &amp; Tropical,,,http://localhost/vege-star/wp-content/uploads/2021/05/dates.jpg,,,,,,,,,0
251,Nz Green Kiwifruit Per Kg,,2.95,Fruits > Stonefruit &amp; Tropical,,,http://localhost/vege-star/wp-content/uploads/2021/05/kiwifruit-green.jpg,,,,,,,,,0
252,NZ Gold Kiwifruit Per Kg,,4.95,Fruits > Stonefruit &amp; Tropical,,,http://localhost/vege-star/wp-content/uploads/2021/05/goldd_370x.jpg,,,,,,,,,0
253,Italian Green Kiwifruit Per Kg,,5.95,Fruits > Stonefruit &amp; Tropical,,,http://localhost/vege-star/wp-content/uploads/2021/05/kiwifruit-green.jpg,,,,,,,,,0
254,NZ Red Kiwifruit Per Kg,,7.95,Fruits > Stonefruit &amp; Tropical,,,http://localhost/vege-star/wp-content/uploads/2021/05/red-kiwi.jpg,,,,,,,,,0
255,Paw Paw - Each,,5,Fruits > Stonefruit &amp; Tropical,,,http://localhost/vege-star/wp-content/uploads/2021/05/PawPaw-300x201-1.jpg,,,,,,,,,0
256,Feijoas Per Kg,,4.95,Fruits > Stonefruit &amp; Tropical,,,http://localhost/vege-star/wp-content/uploads/2021/05/feijoa.png,,,,,,,,,0
257,Apples - Jazz - Per Kg,,4.95,Fruits > Apples &amp; Pears,,,http://localhost/vege-star/wp-content/uploads/2021/05/jazz-apple.jpg,,,,,,,,,0
258,Nashi Pears Per Kg,,4.95,Fruits > Apples &amp; Pears,,,http://localhost/vege-star/wp-content/uploads/2021/05/nashi-.jpg,,,,,,,,,0
259,Pears - Packham (NZ) - Per Kg,,3.95,Fruits > Apples &amp; Pears,,,http://localhost/vege-star/wp-content/uploads/2021/05/packham-pear-stockpic-bulk.jpg,,,,,,,,,0
260,NZ Mandarin Per Kg,,4.95,Fruits > Citrus,,,http://localhost/vege-star/wp-content/uploads/2021/05/mandarin-1.jpg,,,,,,,,,0
261,Mandarin USA - Per Kg,,6.95,Fruits > Citrus,,,http://localhost/vege-star/wp-content/uploads/2021/05/usa-mand.png,,,,,,,,,0
262,Green Cooking Banana Per Kg,,2.99,Fruits > Avocados &amp; Bananas,,,http://localhost/vege-star/wp-content/uploads/2021/05/Cooking-Bananas.png,,,,,,,,,0
263,Tamarillos Red - Per Kg,,10.95,Fruits > Stonefruit &amp; Tropical,,,http://localhost/vege-star/wp-content/uploads/2021/05/tamarillo-red.jpg,,,,,,,,,0
264,Tamarillos Gold - Per Kg,,9.99,Fruits > Stonefruit &amp; Tropical,,,http://localhost/vege-star/wp-content/uploads/2021/05/tamarillo-yellow.png,,,,,,,,,0
279,Dates USA Pre Pack 340gm,,7.99,Fruits > Stonefruit &amp; Tropical,,,http://localhost/vege-star/wp-content/uploads/2021/05/pitted-dates@2x.png,,,,,,,,,0
280,Silverbeet Bunch - Each,,3,Vegetables > Greens &amp; Others,,,http://localhost/vege-star/wp-content/uploads/2021/05/silverbeet-18863-1.jpg,,,,,,,,,0
281,Spinach Bunched - Each,,5,"Vegetables > Greens &amp; Others, Vegetables > Salad Mixes &amp; Lettuce",,,http://localhost/vege-star/wp-content/uploads/2021/05/spinach.jpg,,,,,,,,,0
282,Lettuce Baby Cos - Twin Pack,,4,Vegetables > Greens &amp; Others,,,http://localhost/vege-star/wp-content/uploads/2021/05/Baby-Cos-Lettuce.jpg,,,,,,,,,0
283,Lettuce Romaine (Big Cos) - Each,,2.85,Vegetables > Greens &amp; Others,,,http://localhost/vege-star/wp-content/uploads/2021/05/romaine-lettuce.jpg,,,,,,,,,0
284,Shanghai - Pre packed,,3,Vegetables > Greens &amp; Others,,,http://localhost/vege-star/wp-content/uploads/2021/05/shanghai.jpg,,,,,,,,,0
285,Pak choi - Pre packed,,3,Vegetables > Greens &amp; Others,,,http://localhost/vege-star/wp-content/uploads/2021/05/pakchoy.jpg,,,,,,,,,0
286,Celery - Whole,,3,Vegetables > Greens &amp; Others,,,http://localhost/vege-star/wp-content/uploads/2021/05/celery.jpg,,,,,,,,,0
287,Celery - Half,,2,Vegetables > Greens &amp; Others,,,http://localhost/vege-star/wp-content/uploads/2021/05/Celery_Half_360x.png,,,,,,,,,0
288,Cabbage Green - Whole,,3,Vegetables > Greens &amp; Others,,,http://localhost/vege-star/wp-content/uploads/2021/05/cabb.jpg,,,,,,,,,0
289,Cabbage Green - Half,,2,Vegetables > Greens &amp; Others,,,http://localhost/vege-star/wp-content/uploads/2021/05/abbage.jpg,,,,,,,,,0
290,Cabbage Red - Whole,,3,Vegetables > Greens &amp; Others,,,http://localhost/vege-star/wp-content/uploads/2021/05/red-cabbage.jpg,,,,,,,,,0
291,Cabbage Red - Half,,2,Vegetables > Greens &amp; Others,,,http://localhost/vege-star/wp-content/uploads/2021/05/half-red.jpg,,,,,,,,,0
292,Cabbage Savoy - Whole,,3,Vegetables > Greens &amp; Others,,,http://localhost/vege-star/wp-content/uploads/2021/05/savoy.jpg,,,,,,,,,0
293,Cabbage  Savoy - Half,,2,Vegetables > Greens &amp; Others,,,http://localhost/vege-star/wp-content/uploads/2021/05/savoy-half.jpg,,,,,,,,,0
308,Cauliflower - Whole,,3,Vegetables > Greens &amp; Others,,,http://localhost/vege-star/wp-content/uploads/2021/05/cauli.jpg,,,,,,,,,0
309,Cauliflower - Half,,2.5,Vegetables > Greens &amp; Others,,,http://localhost/vege-star/wp-content/uploads/2021/05/cauliflower-half-vegetables_x700.jpg,,,,,,,,,0
310,Lettuce Iceberg - Each,,4,"Vegetables > Salad Mixes &amp; Lettuce, Vegetables",,,http://localhost/vege-star/wp-content/uploads/2021/05/lettuce-iceberg-vegetables_x700.jpg,,,,,,,,,0
311,Lettuce - Green Oak - Each,,2.5,Vegetables > Salad Mixes &amp; Lettuce,,,http://localhost/vege-star/wp-content/uploads/2021/05/lettuce-green-oak-vegetables_x700.jpg,,,,,,,,,0
312,Lettuce - Red Oak,,1.99,Vegetables > Salad Mixes &amp; Lettuce,,,http://localhost/vege-star/wp-content/uploads/2021/05/lettuce-red-oak-vegetables_x700.jpg,,,,,,,,,0
313,Rocket Salad (150gm) Bag,,3.5,Vegetables > Salad Mixes &amp; Lettuce,,,http://localhost/vege-star/wp-content/uploads/2021/05/wild-roquette-rocket-200g-vegetables_x700.jpg,,,,,,,,,0
314,Mesclun Salad (150gm) Bag,,3.5,Vegetables > Salad Mixes &amp; Lettuce,,,http://localhost/vege-star/wp-content/uploads/2021/05/mesclin-200g-vegetables_x700.jpg,,,,,,,,,0
315,Baby Spinach (300gm) Bag,,4.99,Vegetables > Salad Mixes &amp; Lettuce,,,http://localhost/vege-star/wp-content/uploads/2021/05/baby-spinach-200g-vegetables_x700.jpg,,,,,,,,,0
316,Lettuce Mix (150gm) Bag,,3.5,Vegetables > Salad Mixes &amp; Lettuce,,,http://localhost/vege-star/wp-content/uploads/2021/05/lettuce-mix.jpg,,,,,,,,,0
317,Fresh Coriander (100gm) bag,,3.5,"Vegetables > Herbs\, Sprouts and Chillies",,,http://localhost/vege-star/wp-content/uploads/2021/05/coriander.jpg,,,,,,,,,0
318,Fresh Mint (100g) Bag,,4,"Vegetables > Herbs\, Sprouts and Chillies",,,http://localhost/vege-star/wp-content/uploads/2021/05/mint.jpg,,,,,,,,,0
319,Parsley Bunch,,2.95,"Vegetables > Salad Mixes &amp; Lettuce, Vegetables",,,http://localhost/vege-star/wp-content/uploads/2021/05/parsley-curly-vegetables_x700.jpg,,,,,,,,,0
320,Grapes - Green Seedless - Per Kg,,8.95,Fruits > Grapes &amp; Berries,,,http://localhost/vege-star/wp-content/uploads/2021/05/grapes-green-seedless-produce-of-u-sa-500g-fruit_x700.jpg,,,,,,,,,0
321,Grapes - Red Seedless - Per Kg,,8.95,Fruits > Grapes &amp; Berries,,,http://localhost/vege-star/wp-content/uploads/2021/05/grapes-red-seedless-produce-of-usa-500g-fruit_x700.jpg,,,,,,,,,0
322,Grapes - Black Seedless- Per Kg,,8.85,Fruits > Grapes &amp; Berries,,,http://localhost/vege-star/wp-content/uploads/2021/05/black-grapes.jpg,,,,,,,,,0
336,Chillies Green pre pack tray,,2.99,"Vegetables > Herbs\, Sprouts and Chillies",,,http://localhost/vege-star/wp-content/uploads/2021/05/chillies-green-100g-vegetables_x700.jpg,,,,,,,,,0
337,Chillies Red pre pack tray,,2.99,"Vegetables > Herbs\, Sprouts and Chillies",,,http://localhost/vege-star/wp-content/uploads/2021/05/chillies-red-100g-vegetables_x700.jpg,,,,,,,,,0
338,Tumeric - Per Kg,,15,"Vegetables > Herbs\, Sprouts and Chillies",,,http://localhost/vege-star/wp-content/uploads/2021/05/tumeric.jpg,,,,,,,,,0
339,Eggs Size 6 (caged) 30 pk,,6.5,Dairy,,,http://localhost/vege-star/wp-content/uploads/2021/05/eggs.jpg,,,,,,,,,0
340,Eggs Size 8 (Caged) 20 pk,,7.5,Dairy,,,http://localhost/vege-star/wp-content/uploads/2021/05/eggs.jpg,,,,,,,,,0
341,Local Eggs Free Range 12pk,,7.5,Dairy,,,http://localhost/vege-star/wp-content/uploads/2021/05/free-range-dalberto-eggs-1-doz-800g-groceries_x700.jpg,,,,,,,,,0
342,Eggs Free Range 20pk,,11.5,Dairy,,,http://localhost/vege-star/wp-content/uploads/2021/05/eggg.jpg,,,,,,,,,0
343,Eggs size 7 (caged) 12pk,,4.99,Dairy,,,http://localhost/vege-star/wp-content/uploads/2021/05/free-range-dalberto-eggs-1-doz-800g-groceries_x700.jpg,,,,,,,,,0
344,Eggs Size 6 (caged) 12pk,,4.99,Dairy,,,http://localhost/vege-star/wp-content/uploads/2021/05/free-range-dalberto-eggs-1-doz-800g-groceries_x700.jpg,,,,,,,,,0
345,Pumpkin Crown - Whole,,3,"Vegetables > Potatoes\, Onions\, Pumpkins",,,http://localhost/vege-star/wp-content/uploads/2021/05/pumpkin-grey-vegetables_x700.jpg,,,,,,,,,0
346,Pumpkin Crown - Half,,2,"Vegetables > Potatoes\, Onions\, Pumpkins",,,http://localhost/vege-star/wp-content/uploads/2021/05/pumpkin-grey-half-vegetables_512x.jpg,,,,,,,,,0
347,Pumpkin Crown - Qtr,,1.5,"Vegetables > Potatoes\, Onions\, Pumpkins",,,http://localhost/vege-star/wp-content/uploads/2021/05/pumpkin-grey-qtr-vegetables_512x.jpg,,,,,,,,,0
348,NZ  Buttercup Pumpkin,,2,"Vegetables > Potatoes\, Onions\, Pumpkins",,,http://localhost/vege-star/wp-content/uploads/2021/05/squash-small.jpg,,,,,,,,,0
363,Pumpkin Butternut,,2,"Vegetables > Potatoes\, Onions\, Pumpkins",,,http://localhost/vege-star/wp-content/uploads/2021/05/butternut.jpg,,,,,,,,,0
364,Carrot (Ohakune) Per Kg,,1.95,Vegetables > Greens &amp; Others,,,http://localhost/vege-star/wp-content/uploads/2021/05/carrots-vegetables_x700.jpg,,,,,,,,,0
365,NZ Watermelon - Each,,5,Fruits > Melons &amp; Pineapples,,,http://localhost/vege-star/wp-content/uploads/2021/05/watermelon.jpg,,,,,,,,,0
366,NZ Watermelon - Half,,3,Fruits > Melons &amp; Pineapples,,,http://localhost/vege-star/wp-content/uploads/2021/05/watermelon-half-fruit_x700.jpg,,,,,,,,,0
367,Kamo Kamo - Each,,4,Vegetables > Greens &amp; Others,,,http://localhost/vege-star/wp-content/uploads/2021/05/kamo-kamo-dods_250x250@2x.jpg,,,,,,,,,0
368,NZ Tomatoes Loose Per Kg,,6.95,"Vegetables > Greens &amp; Others, Vegetables > Salad Mixes &amp; Lettuce, Fruits > Tomatoes",,,http://localhost/vege-star/wp-content/uploads/2021/05/tomatoes-roma-fruit_512x.jpg,,,,,,,,,0
369,NZ Tomatoes Vine Per Kg,,6.95,"Vegetables > Salad Mixes &amp; Lettuce, Fruits > Tomatoes",,,http://localhost/vege-star/wp-content/uploads/2021/05/tomatoes-truss-5-per-bunch-fruit_512x.jpg,,,,,,,,,0
370,NZ Acid Free Tomatoes  Per Kg,,3.95,"Vegetables > Salad Mixes &amp; Lettuce, Fruits > Tomatoes",,,http://localhost/vege-star/wp-content/uploads/2021/05/tomatoes-mini-roma-200g-fruit_512x.jpg,,,,,,,,,0
371,NZ Blueberries Punnet 120g,,5,Fruits > Grapes &amp; Berries,,,http://localhost/vege-star/wp-content/uploads/2021/05/blueberries-125g-fruit_512x.jpg,,,,,,,,,0
372,NZ Strawberries Punnet (250gm),,5,Fruits > Grapes &amp; Berries,,,http://localhost/vege-star/wp-content/uploads/2021/05/strawberries-queensland-250g-fruit_x700.jpg,,,,,,,,,0
373,Kiwiberries punnet (120gm),,2.95,Fruits > Grapes &amp; Berries,,,http://localhost/vege-star/wp-content/uploads/2021/05/kiwis.gif,,,,,,,,,0
374,Cherry Tomatoes Punnet (250gm),,5,"Vegetables > Salad Mixes &amp; Lettuce, Fruits > Tomatoes",,,http://localhost/vege-star/wp-content/uploads/2021/05/cherry-tomato.jpg,,,,,,,,,0
375,Tomatoes - Campari Tray,,4,"Vegetables > Salad Mixes &amp; Lettuce, Fruits > Tomatoes",,,http://localhost/vege-star/wp-content/uploads/2021/05/tomato.jpg,,,,,,,,,0
376,Loose Cherry Tomatoes Per Kg,,23.99,"Vegetables > Salad Mixes &amp; Lettuce, Fruits > Tomatoes",,,http://localhost/vege-star/wp-content/uploads/2021/05/cherry-tomato.jpg,,,,,,,,,0
391,Mushroom - White - Per Kg,,13.95,Vegetables > Mushrooms,,,http://localhost/vege-star/wp-content/uploads/2021/05/mushroom-varieties-calloutpage-whitebutton-660x390-1.jpg,,,,,,,,,0
392,Mushroom - Flat - Per Kg,,17.95,Vegetables > Mushrooms,,,http://localhost/vege-star/wp-content/uploads/2021/05/mushrooms.brownflat-500x500-1.jpg,,,,,,,,,0
393,Bananas - Bobby - Bunch,,2.99,Fruits > Avocados &amp; Bananas,,,http://localhost/vege-star/wp-content/uploads/2021/05/bobby-bananas-final2.png,,,,,,,,,0
394,Banana Organic Bunch,,3.89,Fruits > Avocados &amp; Bananas,,,http://localhost/vege-star/wp-content/uploads/2021/05/organic.jpg,,,,,,,,,0
395,NZ Sweetcorn Each,,1,"Fruits > Stonefruit &amp; Tropical, Vegetables",,,http://localhost/vege-star/wp-content/uploads/2021/05/sweetcorn-1.jpg,,,,,,,,,0
396,NZ Radish Pre Pack,,4,"Vegetables > Salad Mixes &amp; Lettuce, Vegetables",,,http://localhost/vege-star/wp-content/uploads/2021/05/radish8.jpg,,,,,,,,,0
397,Sweet Vine Pepper Punnet,,3,"Vegetables > Salad Mixes &amp; Lettuce, Vegetables",,,http://localhost/vege-star/wp-content/uploads/2021/05/artisan-mini-peppers.png,,,,,,,,,0
398,Capsicum Pre Packed 4 pack,,6,Vegetables > Greens &amp; Others,,,http://localhost/vege-star/wp-content/uploads/2021/05/capsicum.jpg,,,,,,,,,0
399,Capsicum Red - Each,,3.5,Vegetables > Greens &amp; Others,,,http://localhost/vege-star/wp-content/uploads/2021/05/red-capsicum-1321574.jpg,,,,,,,,,0
400,Capsicum Green - Each,,3.5,Vegetables > Greens &amp; Others,,,http://localhost/vege-star/wp-content/uploads/2021/05/capsicum-green.jpg,,,,,,,,,0
401,Capsicum Orange - Each,,3.5,Vegetables > Greens &amp; Others,,,http://localhost/vege-star/wp-content/uploads/2021/05/orange-capsicum.jpg,,,,,,,,,0
402,Capsicum Yellow - Each,,3.5,Vegetables > Greens &amp; Others,,,http://localhost/vege-star/wp-content/uploads/2021/05/yellow-capsicum.jpg,,,,,,,,,0
403,USA Lemons Per Kg,,5.99,Fruits > Citrus,,,http://localhost/vege-star/wp-content/uploads/2021/05/lemons-fruit_512x.jpg,,,,,,,,,0
404,NZ Lemons Per Kg,,6.95,Fruits > Citrus,,,http://localhost/vege-star/wp-content/uploads/2021/05/lemons-fruit_512x.jpg,,,,,,,,,0
405,Limes Per Kg,,29.95,Fruits > Citrus,,,http://localhost/vege-star/wp-content/uploads/2021/05/lime.jpg,,,,,,,,,0
406,Aussie Limes Per Kg,,9.99,Fruits > Citrus,,,http://localhost/vege-star/wp-content/uploads/2021/05/lime.jpg,,,,,,,,,0
407,NZ Swedes Per Kg,,4.95,Vegetables > Greens &amp; Others,,,http://localhost/vege-star/wp-content/uploads/2021/05/swedes.jpg,,,,,,,,,0
425,NZ Parsnips Per Kg,,5.95,Vegetables > Greens &amp; Others,,,http://localhost/vege-star/wp-content/uploads/2021/05/parsnip-vegetables_512x.jpg,,,,,,,,,0
426,Cucumber Tele - Each,,3,Vegetables > Greens &amp; Others,,,http://localhost/vege-star/wp-content/uploads/2021/05/cucumber-tele.jpg,,,,,,,,,0
427,Cucumber Short - Each,,2,Vegetables > Greens &amp; Others,,,http://localhost/vege-star/wp-content/uploads/2021/05/short-cucumber.jpg,,,,,,,,,0
428,Cucumber Lebanese - Each,,1.95,Vegetables > Greens &amp; Others,,,http://localhost/vege-star/wp-content/uploads/2021/05/lebanese-cucumber-1.jpg,,,,,,,,,0
429,Brussel Sprouts Per Kg,,9.95,Vegetables > Greens &amp; Others,,,http://localhost/vege-star/wp-content/uploads/2021/05/wa-brussel-sprouts-300g-vegetables_x700.jpg,,,,,,,,,0
430,NZ Eggplant (aubergine) - Each,,5,Vegetables > Greens &amp; Others,,,http://localhost/vege-star/wp-content/uploads/2021/05/eggplant.jpg,,,,,,,,,0
431,NZ Fennel Bulb - Each,,2.99,"Vegetables > Herbs\, Sprouts and Chillies",,,http://localhost/vege-star/wp-content/uploads/2021/05/fennel.jpg,,,,,,,,,0
432,NZ Asparagus Bunch - Each,,5,Vegetables > Greens &amp; Others,,,http://localhost/vege-star/wp-content/uploads/2021/05/ASPARAGUS.jpg,,,,,,,,,0
433,Beans Round (Aus) - Per Kg,,11.95,Vegetables > Beans &amp; Peas,,,http://localhost/vege-star/wp-content/uploads/2021/05/beans.jpg,,,,,,,,,0
434,NZ Flat Beans Per Kg,,12.85,Vegetables > Beans &amp; Peas,,,http://localhost/vege-star/wp-content/uploads/2021/05/beans-1.jpg,,,,,,,,,0
435,NZ Courgette Per Kg,,9.95,Vegetables,,,http://localhost/vege-star/wp-content/uploads/2021/05/courgette.jpg,,,,,,,,,0
436,Fresh Okra Per Kg,,15.99,Vegetables > Greens &amp; Others,,,http://localhost/vege-star/wp-content/uploads/2021/05/okra.png,,,,,,,,,0
437,Eggplant Small Nz Per Kg,,6.95,Vegetables > Greens &amp; Others,,,http://localhost/vege-star/wp-content/uploads/2021/05/Eggplants.jpg,,,,,,,,,0
438,NZ Spring Onion - Each,,2,Vegetables > Greens &amp; Others,,,http://localhost/vege-star/wp-content/uploads/2021/05/spring-onion.jpg,,,,,,,,,0
439,NZ Leek - Each,,2,Vegetables > Greens &amp; Others,,,http://localhost/vege-star/wp-content/uploads/2021/05/leek-vegetables_x700.jpg,,,,,,,,,0
440,NZ Beetroot Per Kg,,3.95,"Vegetables > Salad Mixes &amp; Lettuce, Vegetables",,,http://localhost/vege-star/wp-content/uploads/2021/05/beetroot.jpg,,,,,,,,,0
441,Onion Peeled (Red) Per Kg,,3.95,"Vegetables > Potatoes\, Onions\, Pumpkins",,,http://localhost/vege-star/wp-content/uploads/2021/05/peeled-onion.jpg,,,,,,,,,0
457,Onion Brown NZ - (Loose) Per Kg,,1.95,"Vegetables > Potatoes\, Onions\, Pumpkins",,,http://localhost/vege-star/wp-content/uploads/2021/05/onions-brown-vegetables_512x.jpg,,,,,,,,,0
458,Onion Red NZ - (Loose) Per Kg,,1.95,"Vegetables > Potatoes\, Onions\, Pumpkins",,,http://localhost/vege-star/wp-content/uploads/2021/05/red-onion.jpg,,,,,,,,,0
459,Onion Red  USA- (Loose) Per Kg,,2.95,"Vegetables > Potatoes\, Onions\, Pumpkins",,,http://localhost/vege-star/wp-content/uploads/2021/05/onion.jpg,,,,,,,,,0
460,Ginger Per Kg,,8.95,"Vegetables > Potatoes\, Onions\, Pumpkins",,,http://localhost/vege-star/wp-content/uploads/2021/05/ginger.jpg,,,,,,,,,0
461,Garlic NZ Per Kg,,38.95,"Vegetables > Potatoes\, Onions\, Pumpkins",,,http://localhost/vege-star/wp-content/uploads/2021/05/garlic.jpg,,,,,,,,,0
462,Garlic USA Per Kg,,30,"Vegetables > Potatoes\, Onions\, Pumpkins",,,http://localhost/vege-star/wp-content/uploads/2021/05/garlic-1.jpg,,,,,,,,,0
463,Kumara Red Per Kg,,3.95,"Vegetables > Potatoes\, Onions\, Pumpkins",,,http://localhost/vege-star/wp-content/uploads/2021/05/city_produce_kumara_red.jpg,,,,,,,,,0
464,Kumara Orange Per Kg,,4.95,"Vegetables > Potatoes\, Onions\, Pumpkins",,,http://localhost/vege-star/wp-content/uploads/2021/05/SWEET-POTATOES-–-orange.jpg,,,,,,,,,0
465,Kumara Purple Per Kg,,7.95,"Vegetables > Potatoes\, Onions\, Pumpkins",,,http://localhost/vege-star/wp-content/uploads/2021/05/purple-kumara.jpg,,,,,,,,,0
466,Potatoes Agria - 5 Kg,,9,"Vegetables > Potatoes\, Onions\, Pumpkins",,,http://localhost/vege-star/wp-content/uploads/2021/05/potato-bag.jpg,,,,,,,,,0
467,Potatoes Moonlight - 10Kg Bag (TAG-1),,10,"Vegetables > Potatoes\, Onions\, Pumpkins",,,http://localhost/vege-star/wp-content/uploads/2021/05/potato-1.jpg,,,,,,,,,0
468,Onion Brown - 10kg Bag,,10,"Vegetables > Potatoes\, Onions\, Pumpkins",,,http://localhost/vege-star/wp-content/uploads/2021/05/red-onion-bag.jpg,,,,,,,,,0
469,Onion Red - 10kg Bag,,14,"Vegetables > Potatoes\, Onions\, Pumpkins",,,http://localhost/vege-star/wp-content/uploads/2021/05/11_onion_bag_red_big_6.jpg,,,,,,,,,0
470,White Washed Potatoes - Per Kg,,2.95,"Vegetables > Potatoes\, Onions\, Pumpkins",,,http://localhost/vege-star/wp-content/uploads/2021/05/potatoes-washed.jpg,,,,,,,,,0
471,Red Washed Potatoes - Per Kg,,2.49,"Vegetables > Potatoes\, Onions\, Pumpkins",,,http://localhost/vege-star/wp-content/uploads/2021/05/potatoes-desiree-vegetables_512x.jpg,,,,,,,,,0
472,Milk 2ltr (cow & gate) - Each,,3.5,Dairy,,,http://localhost/vege-star/wp-content/uploads/2021/05/milk.jpg,,,,,,,,,0
473,Box - Seasonal Fruit (Regular),,55,Fruit &amp; Veg Boxes,,,http://localhost/vege-star/wp-content/uploads/2021/05/BOX-4.jpg,,,,,,,,,0
474,Box - Seasonal Fruit (Large),,70,Fruit &amp; Veg Boxes,,,http://localhost/vege-star/wp-content/uploads/2021/05/BOX-5.jpg,,,,,,,,,0
490,Box - Seasonal Fruit (Small),,35,Fruit &amp; Veg Boxes,,,http://localhost/vege-star/wp-content/uploads/2021/05/fruit_box1_copy.jpg,,,,,,,,,0
491,Box - Vegetables (Regular),,55,Fruit &amp; Veg Boxes,,,http://localhost/vege-star/wp-content/uploads/2021/05/vege-box-1.png,,,,,,,,,0
492,Box - Vegetables (Large),,70,Fruit &amp; Veg Boxes,,,http://localhost/vege-star/wp-content/uploads/2021/05/vege-box-3.png,,,,,,,,,0
493,Box- Fruit & Veg - Mix (Small),,35,Fruit &amp; Veg Boxes,,,http://localhost/vege-star/wp-content/uploads/2021/05/vege-box-1.png,,,,,,,,,0
494,Box - Fruit & Veg - Mix (Regular),,55,Fruit &amp; Veg Boxes,,,http://localhost/vege-star/wp-content/uploads/2021/05/mix-box-2.png,,,,,,,,,0
495,Box -Fruit & Veg - Mix (Large),,70,Fruit &amp; Veg Boxes,,,http://localhost/vege-star/wp-content/uploads/2021/05/mix-box-1.jpg,,,,,,,,,0
496,Figs - 2 pack,,5,Fruits > Stonefruit &amp; Tropical,,,http://localhost/vege-star/wp-content/uploads/2021/05/fig.jpeg,,,,,,,,,0
497,Nz Plums - Per Kg,,4.95,Fruits > Stonefruit &amp; Tropical,,,http://localhost/vege-star/wp-content/uploads/2021/05/plum-1.jpg,,,,,,,,,0
498,Persimmons - Per Kg,,5.95,Fruits > Stonefruit &amp; Tropical,,,http://localhost/vege-star/wp-content/uploads/2021/05/persimmons-fruit_512x.jpg,,,,,,,,,0
499,Pineapple - Gold (Half),,2,Fruits > Melons &amp; Pineapples,,,http://localhost/vege-star/wp-content/uploads/2021/05/pineapple-gold-half-fruit_512x.jpg,,,,,,,,,0
500,Mung Bean Sprouts (200gm) - Each,,1.49,"Vegetables > Herbs\, Sprouts and Chillies",,,http://localhost/vege-star/wp-content/uploads/2021/05/mung-beans.jpg,,,,,,,,,0
501,Alfalfa Sprouts (100gm) - Each,,1.8,"Vegetables > Herbs\, Sprouts and Chillies",,,http://localhost/vege-star/wp-content/uploads/2021/05/alfa-sprout.jpg,,,,,,,,,0
502,Alfalfa & Radish Sprouts (100gm) - Each,,1.8,"Vegetables > Herbs\, Sprouts and Chillies",,,http://localhost/vege-star/wp-content/uploads/2021/05/alfa-Radish.jpg,,,,,,,,,0
503,Mixed Bean Combo (180gm) - Each,,1.8,"Vegetables > Herbs\, Sprouts and Chillies",,,http://localhost/vege-star/wp-content/uploads/2021/05/mixed-beans.jpg,,,,,,,,,0
504,Sandwich Pack (120gm) - Each,,2.39,"Vegetables > Herbs\, Sprouts and Chillies",,,http://localhost/vege-star/wp-content/uploads/2021/05/sanwich.jpg,,,,,,,,,0
519,Snowpea Shoots (100gm) - Each,,2.5,"Vegetables > Herbs\, Sprouts and Chillies",,,http://localhost/vege-star/wp-content/uploads/2021/05/snowpea.jpg,,,,,,,,,0
520,FRESH NZ PEAS - Per Kg,,10.95,Vegetables > Beans &amp; Peas,,,http://localhost/vege-star/wp-content/uploads/2021/05/peas.jpg,,,,,,,,,0
521,Snow Peas (100gm) - Each,,3,Vegetables > Beans &amp; Peas,,,http://localhost/vege-star/wp-content/uploads/2021/05/snowpeas-300x200-1.jpg,,,,,,,,,0
522,Potatoes Agria - Loose Per Kg,,2.95,"Vegetables > Potatoes\, Onions\, Pumpkins",,,http://localhost/vege-star/wp-content/uploads/2021/05/potato.jpg,,,,,,,,,0
523,Potatoes ILAM HARDY - Loose Per Kg,,1.95,"Vegetables > Potatoes\, Onions\, Pumpkins",,,http://localhost/vege-star/wp-content/uploads/2021/05/agria.jpg,,,,,,,,,0
524,Apricots Per Kg,,6.95,Fruits > Stonefruit &amp; Tropical,,,http://localhost/vege-star/wp-content/uploads/2021/05/apricot.jpg,,,,,,,,,0
525,Bread - Grain Toast - Coupland,,1.5,Dairy,,,http://localhost/vege-star/wp-content/uploads/2021/05/bread-3.png,,,,,,,,,0
526,Potatoes -Agria 10Kg (Tag-1),,12,"Vegetables > Potatoes\, Onions\, Pumpkins",,,http://localhost/vege-star/wp-content/uploads/2021/05/potato-bag.jpg,,,,,,,,,0
527,Cream 2L - Anchor,,13.99,Dairy,,,http://localhost/vege-star/wp-content/uploads/2021/05/cream.jpg,,,,,,,,,0
528,Pickling Onion Per Kg,,1.99,"Vegetables > Potatoes\, Onions\, Pumpkins",,,http://localhost/vege-star/wp-content/uploads/2021/05/pickling-onion-350x232-1.jpg,,,,,,,,,0
529,Yams Per Kg,,9.95,Vegetables > Greens &amp; Others,,,http://localhost/vege-star/wp-content/uploads/2021/05/yams.png,,,,,,,,,0
530,Carrots Bunch (Baby),,3,Vegetables > Greens &amp; Others,,,http://localhost/vege-star/wp-content/uploads/2021/05/carrot-b.png,,,,,,,,,0
531,Avocadoes - Reed (Sprayfree),,2,Fruits > Avocados &amp; Bananas,,,http://localhost/vege-star/wp-content/uploads/2021/05/reed-avo.png,,,,,,,,,0
532,Lettuce - Green Frill - Each,,2.5,Vegetables > Salad Mixes &amp; Lettuce,,,http://localhost/vege-star/wp-content/uploads/2021/05/292823C7-6815-4C78-884D-EE5B47B378F1.jpeg,,,,,,,,,0
545,Lettuce - Red Frill - Each,,1.99,Vegetables > Salad Mixes &amp; Lettuce,,,http://localhost/vege-star/wp-content/uploads/2021/05/D71AC0A9-4EFE-446D-8475-D91977B32F43.jpeg,,,,,,,,,0
546,Dates Pre Packed 250gm,,2.99,Fruits > Stonefruit &amp; Tropical,,,http://localhost/vege-star/wp-content/uploads/2021/05/CE4FF498-15CA-4679-B0B6-82AA48E7B36C.jpeg,,,,,,,,,0
547,Dates Pre Packed 500gm,,5.79,Uncategorized,,,http://localhost/vege-star/wp-content/uploads/2021/05/CE4FF498-15CA-4679-B0B6-82AA48E7B36C.jpeg,,,,,,,,,0
548,Capsicum Orange - Each (Copy),,1.5,Vegetables > Greens &amp; Others,,,http://localhost/vege-star/wp-content/uploads/2021/05/orange-capsicum.jpg,,,,,,,,,0
549,Onion Red 5kg Bag,,8,"Vegetables > Potatoes\, Onions\, Pumpkins",,,http://localhost/vege-star/wp-content/uploads/2021/05/11_onion_bag_red_big_6.jpg,,,,,,,,,0
550,Kale Green (400gm bag),,4,Vegetables > Salad Mixes &amp; Lettuce,,,http://localhost/vege-star/wp-content/uploads/2021/05/2D6B4D65-C07D-4F1D-9015-161E97F4437C.jpeg,,,,,,,,,0
551,Curry leaves - pack (50gm),,,Uncategorized,,,,,,,,,,,,0
552,Curry Leaves -packet (50gm),,1.99,"Vegetables > Herbs\, Sprouts and Chillies",,,http://localhost/vege-star/wp-content/uploads/2021/05/4A0BADAF-3185-4BCC-9E9D-36B06B85940C.jpeg,,,,,,,,,0
553,Turnip NZ  - Each,,2.5,Vegetables > Salad Mixes &amp; Lettuce,,,http://localhost/vege-star/wp-content/uploads/2021/05/88CBFE75-A02C-45B6-B8D1-C88FA748D72C.jpeg,,,,,,,,,0
554,Choy Sum Bunch - Each (ਸਾਗ),,2.5,Vegetables > Greens &amp; Others,,,http://localhost/vege-star/wp-content/uploads/2021/05/B34EB793-FCFA-45EC-99E3-A28BBBFCE3D0.jpeg,,,,,,,,,0
555,Fenugreek leaves bunch - Each (ਮੇਥੇ),,2.5,Vegetables > Greens &amp; Others,,,http://localhost/vege-star/wp-content/uploads/2021/05/14B3E6D8-AA71-4161-8A96-676F4B95ECFB.jpeg,,,,,,,,,0
556,Bread - White Toast,,1.5,Dairy,,,http://localhost/vege-star/wp-content/uploads/2021/05/bread.png,,,,,,,,,0
557,Bread - Wheatmeal,,1.5,Dairy,,,http://localhost/vege-star/wp-content/uploads/2021/05/bread-1.png,,,,,,,,,0
574,Celeriac - Per Kg,,5.49,"Vegetables > Potatoes\, Onions\, Pumpkins",,,http://localhost/vege-star/wp-content/uploads/2021/05/A0A034AE-16EF-4E0E-BC24-312CC0C049C4.jpeg,,,,,,,,,0
575,Coconut -Each,,2.99,"Vegetables > Herbs\, Sprouts and Chillies, Vegetables > Potatoes\, Onions\, Pumpkins",,,http://localhost/vege-star/wp-content/uploads/2021/05/3BF339DB-9881-4BBD-9A70-ABF55DEFF5FD.jpeg,,,,,,,,,0
576,Rosemary (50gm bag),,2.5,"Vegetables > Herbs\, Sprouts and Chillies",,,http://localhost/vege-star/wp-content/uploads/2021/05/CB24769F-3964-4A59-95FF-393C042D945B.jpeg,,,,,,,,,0
577,Watercress - Hydroponic - Bag,,5,Vegetables > Greens &amp; Others,,,http://localhost/vege-star/wp-content/uploads/2021/05/Screen-Shot-2020-11-12-at-5.58.53-PM.png,,,,,,,,,0
578,Celery Sticks Tray,,2,Vegetables > Greens &amp; Others,,,http://localhost/vege-star/wp-content/uploads/2021/05/Screen-Shot-2020-11-12-at-6.14.05-PM.png,,,,,,,,,0
579,Potatoes - Agria - 2kg bag,,5,"Vegetables > Potatoes\, Onions\, Pumpkins",,,http://localhost/vege-star/wp-content/uploads/2021/05/potato.jpg,,,,,,,,,0
580,Potatoes - Agria - 3kg bag,,7,"Vegetables > Potatoes\, Onions\, Pumpkins",,,http://localhost/vege-star/wp-content/uploads/2021/05/potato.jpg,,,,,,,,,0
581,Onion - Brown - 2kg bag,,4,"Vegetables > Potatoes\, Onions\, Pumpkins",,,http://localhost/vege-star/wp-content/uploads/2021/05/onions-brown-vegetables_512x.jpg,,,,,,,,,0
582,Onion - Brown - 1kg bag,,2,"Vegetables > Potatoes\, Onions\, Pumpkins",,,http://localhost/vege-star/wp-content/uploads/2021/05/pickling-onion-350x232-1.jpg,,,,,,,,,0
583,Peas - 500gm bag,,,Uncategorized,,,,,,,,,,,,0
584,Oranges Aussie Per kg,,4.95,Fruits > Citrus,,,http://localhost/vege-star/wp-content/uploads/2021/05/usa-orange.jpg,,,,,,,,,0
585,Tomato 1kg Bag,,5,Vegetables > Greens &amp; Others,,,http://localhost/vege-star/wp-content/uploads/2021/05/tomatoes-roma-fruit_512x.jpg,,,,,,,,,0
586,Beans 450g Bag,,5,Vegetables > Greens &amp; Others,,,http://localhost/vege-star/wp-content/uploads/2021/05/beans.jpg,,,,,,,,,0
587,Courgettes 500g Bag,,5,Vegetables > Greens &amp; Others,,,http://localhost/vege-star/wp-content/uploads/2021/05/courgette.jpg,,,,,,,,,0
588,Peas 500gm Bag,,5,Vegetables > Greens &amp; Others,,,http://localhost/vege-star/wp-content/uploads/2021/05/peas.jpg,,,,,,,,,0
589,Cherris - NZ - 250gm punnet,,7,Fruits > Stonefruit &amp; Tropical,,,http://localhost/vege-star/wp-content/uploads/2021/05/Cherry-220x154-1.jpg,,,,,,,,,0
590,Grapes - Red - 500gm punnets,,5,Fruits > Stonefruit &amp; Tropical,,,http://localhost/vege-star/wp-content/uploads/2021/05/FFE2D2B4-5DE1-486E-B453-548EB2C8A6AF.jpeg,,,,,,,,,0
598,Grapes - Green - 500gm punnet,,5,Fruits > Stonefruit &amp; Tropical,,,http://localhost/vege-star/wp-content/uploads/2021/05/3F072EDC-2314-4D0B-9D45-421BC8D1BD71.jpeg,,,,,,,,,0
599,Raspberry - punnet,,5,Fruits > Stonefruit &amp; Tropical,,,http://localhost/vege-star/wp-content/uploads/2021/05/D796877F-C76A-4A7D-AA48-7F64613D675F.jpeg,,,,,,,,,0
600,Strawberries Family Pack - 900gm approx,,15,Fruits > Stonefruit &amp; Tropical,,,http://localhost/vege-star/wp-content/uploads/2021/05/strawberries-1600px.jpg,,,,,,,,,0
601,Cherries NZ -400punnet,,7,Fruits > Stonefruit &amp; Tropical,,,http://localhost/vege-star/wp-content/uploads/2021/05/Cherry-220x154-1.jpg,,,,,,,,,0
602,NZ Leek - Each (Copy),,4,Vegetables > Greens &amp; Others,,,http://localhost/vege-star/wp-content/uploads/2021/05/leek-vegetables_x700.jpg,,,,,,,,,0
603,NZ Leek - Each (Copy),,4,Vegetables > Greens &amp; Others,,,http://localhost/vege-star/wp-content/uploads/2021/05/leek-vegetables_x700.jpg,,,,,,,,,0
604,Pears - Bosc NZ - Per kg,,2.95,Fruits > Apples &amp; Pears,,,http://localhost/vege-star/wp-content/uploads/2021/05/555D7B33-734A-4E21-A41A-BCA068572DD5.jpeg,,,,,,,,,0